"","Country","Regional.indicator","Happiness","ISO.code","Fertility","GDP.per.capita","Life.expectancy","Meat.consumption","Median.age","Population.growth","Sex.ratio","Suicide.rate","Urbanization.rate","CCDR3070","ALCOHOL_AB","POISON_MORT","NONCOM_DISEASE","MATERNAL_MORT","TUBERC","NTD","ROADTRAFFIC_MORT","UNIV_HEALTHCARE","MEDICS","DRINKING_WATER","CLEAN_FUEL_TECH","DENTISTS","PHARM"
"1","Afghanistan","South Asia",2.523,"AFG",4.5,2182,64.5,17.3,27.4,2.41,1.03,6.4,26,29.8,0.21,1.19,29.8,638,189,14834701,15.1,37,2.78,57.32,37,0.034,0.47
"2","Albania","Central and Eastern Europe",5.117,"ALB",1.6,14866,NA,NA,32.9,0.26,0.98,5.6,62.1,17,7.17,0.44,17,15,16,47,13.6,59,12.16,89.88,80,3.38,8.41
"3","Algeria","Middle East and North Africa",4.887,"DZA",3,16091,76.7,18.3,28.1,1.89,1.03,3.3,73.7,14.2,0.95,0.77,14.2,112,61,10909,NA,78,17.19,88.69,95,3.66,4.45
"4","Argentina","Latin America and Caribbean",5.929,"ARG",2.3,19971,76.5,79.7,31.7,0.88,0.98,9.1,92.1,15.8,9.65,0.64,15.8,39,29,162233,14,76,39.9,99.64,95,9.25,5.07
"5","Armenia","Commonwealth of Independent States",5.283,"ARM",1.8,11845,74.9,27.7,35.1,0.17,0.95,5.7,63.3,22.3,5.55,0.63,22.3,26,26,39149,17.1,69,44.02,100,95,5.56,0.49
"6","Australia","North America and ANZ",7.183,"AUS",1.7,54799,83.3,108.2,38.7,1.6,0.99,11.7,86.2,9.1,10.51,0.19,9.1,6,6.9,20123,5.6,87,36.78,100,95,5.95,8.81
"7","Austria","Western Europe",7.268,"AUT",1.5,55171,81.4,94.1,44,0.46,0.96,11.4,58.7,11.4,11.96,0.22,11.4,5,6.2,41,5.2,79,51.7,100,95,5.68,7.14
"8","Azerbaijan","Commonwealth of Independent States",5.171,"AZE",1.7,19156,72.9,15.9,32.3,1.35,0.98,2.6,56.4,22.2,4.41,0.55,22.2,26,60,1655112,8.7,65,34.46,81.57,95,2.74,2
"9","Bahrain","Middle East and North Africa",6.647,"BHR",2,51991,77.2,70.7,32.3,1.92,1.53,5.7,89.5,11.3,1.09,0.21,11.3,14,12,1,NA,77,9.26,100,95,0.98,1.62
"10","Bangladesh","South Asia",5.025,"BGD",2,5453,72.3,3.1,26.7,1.19,0.97,6.1,38.2,21.6,0.019,0.29,21.6,173,221,56339394,15.3,48,5.81,96.75,24,0.59,1.81
"11","Belarus","Commonwealth of Independent States",5.534,"BLR",1.4,21224,74.6,58.6,40,-0.1,0.87,21.4,79.5,23.7,11.45,2.61,23.7,2,29,0,8.9,76,51.91,95.98,95,6.23,3.63
"12","Belgium","Western Europe",6.834,"BEL",1.6,50904,81.5,86.1,41.4,0.85,0.97,15.7,98.1,11.4,11.08,0.23,11.4,5,8.9,1,5.8,84,30.71,100,95,10.47,19.07
"13","Benin","Sub-Saharan Africa",5.045,"BEN",4.8,3648,61.5,16.2,18.2,2.73,0.97,15.7,48.4,19.6,2.81,3.51,19.6,397,55,5685180,27.5,40,0.79,58.22,5,0.01,0.27
"14","Bolivia","Latin America and Caribbean",5.716,"BOL",2.7,8525,71.2,50,24.3,1.65,0.98,12.9,70.1,17.2,4.43,2.03,17.2,155,106,194759,15.5,68,15.9,78.12,84,2.2,2.25
"15","Bosnia and Herzegovina","Central and Eastern Europe",5.813,"BIH",1.3,14894,77.3,21.4,42.1,-0.14,0.95,6.4,49,17.8,7.15,0.52,17.8,10,27,0,15.7,61,21.62,94.85,45,2.4,1.29
"16","Botswana","Sub-Saharan Africa",3.467,"BWA",2.9,19388,69.3,27.3,24.5,0.86,0.93,11.5,70.9,20.3,6.59,1.12,20.3,144,253,238203,23.8,61,5.27,75.53,53,0.42,2.13
"17","Brazil","Latin America and Caribbean",6.33,"BRA",1.7,17106,75.7,82.4,32.6,0.87,0.97,6.1,87.1,16.6,7.42,0.19,16.6,60,46,9489512,19.7,79,21.64,89.74,95,12.45,6.83
"18","Bulgaria","Central and Eastern Europe",5.266,"BGR",1.6,26034,74.9,69.4,42.7,-0.6,0.95,7.9,75.7,23.6,12.65,0.61,23.6,10,21,1,10.2,66,40.33,98.05,NA,10.48,1.68
"19","Burkina Faso","Sub-Saharan Africa",4.834,"BFA",5.2,2181,61.2,11.2,17.3,2.86,0.96,14.8,30.6,21.7,12.03,2.96,21.7,320,47,10152760,30.5,40,0.85,34.99,10,0.046,0.13
"20","Burundi","Sub-Saharan Africa",3.775,"BDI",5.4,724,61.2,3.5,17,3.19,0.99,15,13.7,22.9,7.19,5.19,22.9,548,107,5484235,34.7,42,1,56.62,5,0.004,0.004
"21","Cambodia","Southeast Asia",4.83,"KHM",2.5,5004,69.6,13.9,25.3,1.76,0.95,5.9,24.2,21.1,6.64,0.6,21.1,160,287,4182394,17.8,60,1.93,72.9,22,0.17,0.34
"22","Cameroon","Sub-Saharan Africa",5.142,"CMR",4.6,4099,58.9,14.4,18.5,2.54,0.99,19.5,57.6,21.6,5.65,3.12,21.6,529,179,16537416,30.1,46,0.88,39.01,24,0.037,0.083
"23","Canada","North America and ANZ",7.103,"CAN",1.5,52144,82.3,108.1,42.2,1.14,0.98,10.4,81.6,9.8,8.94,0.3,9.8,10,5.5,0,5.8,89,23.11,98.88,95,6.39,11.24
"24","Chad","Sub-Saharan Africa",4.355,"TCD",5.7,2603,54,14.3,17.8,3,0.98,15.5,23.5,23.9,1.37,3.59,23.9,1140,142,6233571,27.6,28,0.43,29.47,5,0.018,0.047
"25","Chile","Latin America and Caribbean",6.172,"CHL",1.6,27150,80,66.4,34.4,0.9,0.97,9.7,87.7,12.4,9.07,0.21,12.4,13,18,25,12.5,70,25.91,100,95,12.55,5.26
"26","China","East Asia",5.339,"CHN",1.7,20984,76.7,52.4,37.4,0.49,1.06,8,61.4,17,7.05,1.36,17,29,58,26378300,18.2,79,19.8,86.15,64,4.46,3.17
"27","Colombia","Latin America and Caribbean",6.012,"COL",1.8,16265,77.1,33.9,30,1.32,0.98,7,81.4,15.8,5.74,0.37,15.8,83,35,3350646,18.5,76,21.85,86.45,93,9.74,NA
"28","Comoros","Sub-Saharan Africa",4.289,"COM",4.2,2898,64.1,7.6,19.9,2.44,0.94,11.1,29.4,22.9,0.69,2.37,22.9,273,35,828148,26.5,52,2.72,76.91,8,0.4,0.22
"29","Costa Rica","Latin America and Caribbean",7.069,"CRI",1.8,18651,80.1,40.4,31.3,1.42,1,7.5,80.8,11.5,4.87,0.29,11.5,27,10,4017,16.7,77,28.94,99.53,95,0.099,7.3
"30","Croatia","Central and Eastern Europe",5.882,"HRV",1.5,29207,78.3,49.9,43,-0.32,0.93,11.5,57.6,16.7,9.23,0.17,16.7,8,8,1,8.1,71,30,99.57,86,7.91,7.19
"31","Cyprus","Western Europe",6.223,"CYP",1.3,42956,80.8,131.3,36.8,1.11,1.05,4.5,66.8,11.3,10.81,0.1,11.3,6,5.3,2,5.1,78,19.51,99.55,95,7.55,6.46
"32","Czech Republic","Central and Eastern Europe",6.965,"CZE",1.7,40585,79.2,77.3,42.1,0.18,0.97,10.5,74.1,15,14.45,0.3,15,3,4.9,3,5.9,76,41.21,99.82,95,7.35,6.87
"33","Denmark","Western Europe",7.62,"DNK",1.7,55675,80.8,145.9,42.2,0.36,0.99,9.2,88.1,11.3,10.26,0.15,11.3,4,5,0,4,81,40.1,100,95,7.44,5.22
"34","Dominican Republic","Latin America and Caribbean",5.545,"DOM",2.3,20625,73.9,37.8,28.1,1.26,1.02,10.5,82.5,19,6.68,0.38,19,95,42,2700201,34.6,74,15.27,90.28,89,1.89,3.93
"35","Ecuador","Latin America and Caribbean",5.764,"ECU",2.4,11866,76.8,45,27.7,1.6,0.99,7.2,64.2,13,4.2,0.59,13,59,46,5060,21.3,77,20.37,100,94,3.18,0.42
"36","Egypt","Middle East and North Africa",4.283,"EGY",3.3,14800,71.8,22.5,23.9,1.66,1.05,4.4,42.8,27.7,0.36,0.22,27.7,37,12,5066393,9.7,68,4.52,98.82,95,20.02,4.57
"37","El Salvador","Latin America and Caribbean",6.061,"SLV",2,8593,73.1,21.4,27.1,0.66,0.92,13.5,73.4,14,3.89,0.23,14,46,58,1443743,22.2,76,15.66,92.22,91,7.61,6.55
"38","Estonia","Central and Eastern Europe",6.189,"EST",1.7,37606,78.6,67.4,42.7,-0.04,0.88,14.4,69.2,17,9.23,0.48,17,9,13,0,6.1,75,44.83,99.19,95,13.78,10.89
"39","Eswatini","Sub-Saharan Africa",4.308,"SWZ",3,11139,59.4,NA,21.7,1.54,0.9,16.7,24.2,26.7,10.04,3.31,26.7,437,363,247084,26.9,63,3.29,60.42,54,0.12,0.28
"40","Ethiopia","Sub-Saharan Africa",4.275,"ETH",4.2,2702,66.2,7.9,17.9,2.58,1,11.4,21.7,18.3,2.36,2.87,18.3,401,140,77653029,26.7,39,0.77,31.07,5,0.16,0.36
"41","Finland","Western Europe",7.842,"FIN",1.4,49548,81.7,67.4,42.5,0.48,0.97,11.7,85.5,10.2,10.78,0.23,10.2,3,4.7,1,4.7,78,38.12,100,95,7.3,10.88
"42","France","Western Europe",6.69,"FRA",1.9,48640,82.5,101.1,41.4,0.5,0.96,12.1,81,10.6,12.33,0.46,10.6,8,8.7,86,5.5,78,32.67,100,95,6.67,10.64
"43","Gabon","Sub-Saharan Africa",4.852,"GAB",4,19839,66.2,46,18.6,2.39,1.08,9.6,90.1,14.4,8.74,0.93,14.4,252,521,937923,23.2,49,6.82,55.05,87,0.21,0.59
"44","Georgia","Commonwealth of Independent States",4.891,"GEO",2.1,13200,73.6,26,38.1,0.63,0.92,6.7,59.5,24.9,8.25,0.81,24.9,25,74,412310,15.3,66,71.2,100,81,7.62,0.99
"45","Germany","Western Europe",7.155,"DEU",1.6,55306,81.2,82.1,47.1,0.11,0.96,9.1,77.5,12.1,12.91,0.15,12.1,7,5.8,132,4.1,83,42.49,100,95,8.52,6.47
"46","Ghana","Sub-Saharan Africa",5.088,"GHA",3.9,7343,63.8,9.9,21.1,2.17,0.97,8.7,57.3,20.8,2.75,1.66,20.8,308,144,16582444,24.9,47,1.36,67.54,28,0.019,0.25
"47","Greece","Western Europe",5.723,"GRC",1.4,31616,82.1,78.7,44.5,-0.18,0.95,3.8,79.7,12.4,10.18,0.23,12.4,3,4.3,51,9.2,75,54.79,100,95,12.55,10.65
"48","Guatemala","Latin America and Caribbean",6.435,"GTM",2.9,9009,74.1,23.8,22.1,2.53,0.99,2.9,51.8,14.9,2.45,1.07,14.9,95,26,4957871,16.6,55,3.55,90.36,46,0.1,0.039
"49","Guinea","Sub-Saharan Africa",4.984,"GIN",4.7,2574,61.2,6.5,20.1,2.56,1,10.5,44.2,22.4,1.11,2.96,22.4,576,176,7480197,28.2,37,0.83,48.72,5,0.043,0.091
"50","Haiti","Latin America and Caribbean",3.615,"HTI",2.9,1916,63.7,15.3,23,1.39,0.98,12.2,57.1,26.5,2.73,2.57,26.5,480,170,5771386,NA,49,2.34,42.64,5,0.21,0.3
"51","Honduras","Latin America and Caribbean",5.919,"HND",2.5,5600,75.1,24.7,23,2.03,0.95,3.4,58.4,14,3.76,0.39,14,65,31,2721691,16.7,65,3.09,88.87,57,0.33,0.53
"52","Hungary","Central and Eastern Europe",5.992,"HUN",1.6,35941,76.7,100.7,42.3,-0.28,0.91,13.6,71.9,23,11.35,0.27,23,12,6.3,0,7.8,74,34.08,100,95,7.08,8.08
"53","Iceland","Western Europe",7.554,"ISL",1.7,56974,82.9,84.8,36.5,0.35,1,13.3,93.9,9.1,9.12,0.21,9.1,4,4.4,0,6.6,84,40.78,100,95,8.58,5.11
"54","India","South Asia",3.819,"IND",2.2,9027,69.4,5.2,28.1,1.26,1.08,16.5,34.9,23.3,5.54,2.36,23.3,145,193,697000000,22.6,55,8.57,91,49,1.99,8.87
"55","Indonesia","Southeast Asia",5.345,"IDN",2.3,14841,71.5,8.3,30.2,1.25,1,3.7,56.6,26.4,0.57,0.4,26.4,177,312,101000000,12.2,57,4.27,81.98,80,0.57,0.85
"56","Iran","Middle East and North Africa",4.721,"IRN",2.9,17832,76.5,23.1,30.3,1.32,1.03,4,75.9,14.8,1.03,1.2,14.8,16,13,15581,20.5,72,15.84,89.01,95,4.47,2.93
"57","Iraq","Middle East and North Africa",4.854,"IRQ",3.7,18755,70.5,18.2,20,2.54,1.01,4.1,70.9,21.3,0.39,0.5,21.3,79,41,2170486,20.7,61,7.08,91.06,95,2.64,3.27
"58","Ireland","Western Europe",7.085,"IRL",1.8,86988,82.1,106.3,36.8,0.26,1,10.9,63.7,10.3,12.88,0.21,10.3,5,5.8,0,4.1,76,33.13,96.98,95,6.68,11.62
"59","Israel","Middle East and North Africa",7.157,"ISR",2.4,40337,82.8,97.1,29.9,1.81,1.01,5.2,92.6,9.6,4.21,0.14,9.6,3,2.9,276,4.2,82,46.25,100,95,7.28,8.01
"60","Italy","Western Europe",6.483,"ITA",1.3,41582,83.6,90.4,45.5,0.32,0.93,5.5,71,9.5,7.84,0.27,9.5,2,7.1,147,5.6,82,39.77,99.38,95,8.24,10.95
"61","Ivory Coast","Sub-Saharan Africa",5.306,"CIV",4.6,4754,57.4,11.3,20.9,2.29,1.01,23,51.7,29.1,2.71,3.95,29.1,617,137,21002613,23.6,47,2.31,57.83,29,0.15,1.07
"62","Jamaica","Latin America and Caribbean",6.309,"JAM",2,9932,74.4,56.8,26,0.21,0.98,2,56.3,14.7,4.22,0.21,14.7,80,3.2,988,13.6,65,13.06,84.61,84,0.89,0.22
"63","Japan","East Asia",5.94,"JPN",1.4,46827,84.5,45.9,47.3,-0.2,0.94,14.3,91.8,8.4,7.96,0.41,8.4,5,13,5,4.1,83,24.12,99.01,95,7.95,18.02
"64","Jordan","Middle East and North Africa",4.395,"JOR",2.8,9939,74.4,29.8,22.5,2.19,1.11,3.7,91.4,19.2,0.69,0.63,19.2,46,5.5,151,24.4,76,23.24,97.7,95,7.13,16.01
"65","Kazakhstan","Commonwealth of Independent States",6.152,"KAZ",2.8,30178,73.2,44.8,30.6,1.43,0.91,22.8,57.7,26.8,4.76,2.3,26.8,10,68,40,17.6,76,39.8,92.31,95,2.9,8.14
"66","Kenya","Sub-Saharan Africa",4.607,"KEN",3.5,4078,63.3,14.3,19.7,2.7,1,5.6,28,13.4,2.78,1.77,13.4,342,267,11645569,27.8,55,1.57,49.61,10,0.25,0.19
"67","Kuwait","Middle East and North Africa",6.106,"KWT",2.1,67891,75.4,60.2,29.3,3.95,1.38,2.2,NA,17.4,0.003,0.18,17.4,12,22,13,17.6,76,26.46,100,95,6.75,4.92
"68","Kyrgyzstan","Commonwealth of Independent States",5.744,"KGZ",3.3,4193,71.3,39,26.5,1.22,0.96,9.1,36.9,24.9,6.26,0.63,24.9,60,110,113625,15.4,70,22.13,81.98,77,1.85,0.41
"69","Latvia","Central and Eastern Europe",6.032,"LVA",1.6,32987,75.2,45.7,43.6,-1.6,0.86,17.2,68.3,21.9,12.77,0.85,21.9,19,26,6,9.3,71,31.91,98.18,95,7.14,8.32
"70","Lebanon","Middle East and North Africa",4.584,"LBN",2.1,15599,78.9,63.1,30.5,0.96,1,3.2,88.9,17.9,1.71,0.3,17.9,29,13,0,18.1,73,21.04,92.6,NA,10.21,12.93
"71","Lesotho","Sub-Saharan Africa",3.512,"LSO",3.1,3655,53.7,15.4,24.2,1.08,0.98,28.9,29,26.6,4.59,3.12,26.6,544,654,382336,28.9,48,0.69,59.32,39,0.015,0.015
"72","Liberia","Sub-Saharan Africa",4.625,"LBR",4.3,1428,63.7,7.9,17.8,2.68,1,13.4,52.1,17.6,6.12,1.81,17.6,661,308,3094538,35.9,39,0.38,61.96,5,0.014,0.12
"73","Libya","Middle East and North Africa",5.41,"LBY",2.2,9446,72.7,28.6,28.9,0.84,1.05,5.5,80.7,20.1,0.019,0.62,20.1,72,59,3016,26.1,64,20.91,98.53,NA,8.78,6.01
"74","Lithuania","Central and Eastern Europe",6.255,"LTU",1.6,38751,75.7,49.5,43.7,-1.48,0.86,25.7,68,20.7,13.22,0.71,20.7,8,42,28,8,73,63.53,92.76,95,9.98,9.85
"75","Luxembourg","Western Europe",7.324,"LUX",1.4,112045,82.1,141.7,39.3,2.49,1.02,10.4,91.5,10,12.94,0.1,10,5,9,0,6.3,83,30.09,100,95,9.82,7.03
"76","Madagascar","Sub-Saharan Africa",4.208,"MDG",4.1,1776,66.7,17.6,19.7,2.8,1,6.9,38.5,22.9,1.97,3.32,22.9,335,233,20224527,28.6,28,1.81,36.33,5,0.048,0.002
"77","Malawi","Sub-Saharan Africa",3.6,"MWI",4.2,1292,63.8,5.1,16.5,2.86,0.98,7.8,17.4,16.4,3.63,1.99,16.4,349,146,12423068,31,46,0.36,65.42,5,0.017,0.056
"78","Malaysia","Southeast Asia",5.384,"MYS",2,34567,76.1,50.9,28.5,1.66,1.03,6.2,77.2,17.2,0.85,0.48,17.2,29,92,80797,23.6,73,15.36,89.34,95,3.08,3.47
"79","Maldives","South Asia",5.198,"MDV",1.9,24796,NA,16.6,28.2,1.93,1.13,2.7,40.7,13.4,2.22,0.041,13.4,53,36,3411,0.9,62,45.63,98.3,95,2,3.47
"80","Mali","Sub-Saharan Africa",4.723,"MLI",5.9,2569,58.9,19,15.8,2.99,0.95,8.9,43.9,24.6,1.28,3.25,24.6,562,52,7535901,23.1,38,1.29,68.35,5,0.06,0.095
"81","Malta","Western Europe",6.602,"MLT",1.2,49589,82.4,86.9,41.8,0.4,1.01,6.5,94.7,10.8,7.99,0.12,10.8,6,14,6,6.1,82,28.6,100,95,4.84,12.87
"82","Mauritania","Sub-Saharan Africa",4.227,"MRT",4.6,5158,64.7,29.9,20.5,2.49,0.93,7.5,55.3,18.1,0.036,1.87,18.1,766,89,916692,24.7,41,1.87,49.91,43,0.21,0.18
"83","Mauritius","Sub-Saharan Africa",6.049,"MUS",1.4,26461,74.9,39.6,35.3,0.42,0.96,7.3,40.8,22.6,4.35,0.11,22.6,61,12,1,13.7,63,25.33,99.83,95,2.76,4.2
"84","Mexico","Latin America and Caribbean",6.317,"MEX",2.1,21363,75,58.6,28.3,1.24,0.96,5.2,80.7,15.7,5,0.43,15.7,33,23,19900177,13.1,76,23.83,100,84,1.37,0.49
"85","Moldova","Commonwealth of Independent States",5.766,"MDA",1.3,8161,71.8,22.7,36.7,-0.04,0.96,13.4,42.8,24.9,11.43,1.16,24.9,19,80,0,9.7,69,32.07,83.16,95,4.22,4.05
"86","Mongolia","East Asia",5.677,"MNG",2.9,15089,69.7,108.8,28.3,1.52,0.95,13.3,68.7,30.2,8.19,1.57,30.2,45,428,1810,16.5,62,28.59,55.87,50,2.34,5.02
"87","Montenegro","Central and Eastern Europe",5.581,"MNE",1.7,21977,76.8,NA,40.7,0.07,0.97,7.9,67.5,20.6,11.47,0.53,20.6,6,15,0,10.7,68,27.56,95.91,56,0.46,1.91
"88","Morocco","Middle East and North Africa",4.918,"MAR",3.1,9667,76.5,20.6,29.3,1.43,1,3.1,63.5,12.4,0.69,0.56,12.4,70,97,40,19.6,70,7.31,70.73,95,1.36,2.6
"89","Mozambique","Sub-Saharan Africa",4.794,"MOZ",4.9,1372,60.2,5.6,17.2,2.5,0.97,8.4,37.1,18.4,2.3,2.94,18.4,289,361,23023478,30.1,46,0.84,39.96,5,0.086,0.1
"90","Myanmar","Southeast Asia",4.426,"MMR",2.2,7220,66.9,10.7,NA,0.85,0.97,8.1,31.1,24.2,5.12,1.41,24.2,250,322,41778536,19.9,61,6.77,76.91,28,0.65,0.74
"91","Namibia","Sub-Saharan Africa",4.574,"NAM",3.4,11451,63.4,34,21.2,1.87,0.96,11.5,52,21.3,5.43,1.55,21.3,195,486,1094020,30.4,62,4.18,69.22,46,0.73,2.44
"92","Nepal","South Asia",5.269,"NPL",1.9,3550,70.5,10,24.1,1.16,0.96,9.6,20.6,21.8,2.05,0.45,21.8,186,238,14520580,15.9,48,7.49,88.73,29,0.97,3.95
"93","Netherlands","Western Europe",7.464,"NLD",1.6,60299,82.1,89.3,42.6,0.45,0.98,9.6,92.2,11.2,9.61,0.1,11.2,5,5,2,3.8,86,36.05,100,95,5.07,2.1
"94","New Zealand","North America and ANZ",7.277,"NZL",1.7,42045,82.1,142.1,37.9,0.63,1,11.6,86.7,10.1,10.63,0.19,10.1,9,7.5,3,7.8,87,35.9,100,95,6.24,7.19
"95","Nicaragua","Latin America and Caribbean",5.972,"NIC",2.4,5297,74.3,14.9,25.7,1.46,0.95,11.9,59,14.2,5.18,0.57,14.2,98,43,1611101,NA,73,9.78,59.11,48,0.39,1.86
"96","Niger","Sub-Saharan Africa",5.074,"NER",5.3,1152,62,11.2,15.4,3.84,0.98,9,16.6,20,0.67,4.15,20,509,84,14338992,26.2,37,0.43,43.62,5,0.009,0.012
"97","Nigeria","Sub-Saharan Africa",4.759,"NGA",5.4,6172,54.3,8.6,18.4,2.79,1.02,17.3,52,22.5,10.84,2.96,22.5,917,219,131000000,21.4,42,3.81,55.59,10,0.22,1.26
"98","North Macedonia","Central and Eastern Europe",5.101,"MKD",1.5,17378,75.7,35.4,37.9,0.08,0.99,6.2,58.5,20.3,6.16,0.37,20.3,7,12,12,6.4,72,28.74,90.58,65,8.77,NA
"99","Norway","Western Europe",7.392,"NOR",1.6,79638,82.5,61.7,39.2,1.32,1.02,10.1,83,9.2,7.41,0.18,9.2,2,3.3,5,2.7,87,29.16,100,95,8.72,8.29
"100","Pakistan","South Asia",4.934,"PAK",3.5,6016,67.1,12.3,23.8,2.69,1.04,3.1,37.2,24.7,0.34,2.27,24.7,140,263,31683212,14.3,45,9.8,89.88,44,0.96,1.58
"101","Panama","Latin America and Caribbean",6.18,"PAN",2.5,28456,78.3,54.5,29.2,1.64,1.01,4.4,68.4,13,7.98,0.39,13,52,37,50833,14.3,79,15.69,92.86,88,3.03,2.08
"102","Paraguay","Latin America and Caribbean",5.653,"PRY",2.4,13213,74.1,70.3,28.2,1.72,1,9.3,62.2,17.5,7.58,0.34,17.5,84,46,1974836,22.7,69,13.54,99.16,68,1.62,0.32
"103","Peru","Latin America and Caribbean",5.84,"PER",2.3,15399,76.5,34.5,28,1.25,0.96,5.1,78.3,12.6,6.38,0.89,12.6,88,119,346737,13.5,77,13.05,75.58,80,1.85,0.52
"104","Philippines","Southeast Asia",5.88,"PHL",2.6,10094,71.1,31.1,23.5,1.72,1.01,3.7,47.4,26.8,6.86,0.25,26.8,121,554,47078380,12.3,61,6,89.96,46,0.021,3.31
"105","Poland","Central and Eastern Europe",6.166,"POL",1.5,35651,78.5,78.1,40.7,0.02,0.94,13.4,60,18.7,11.71,0.25,18.7,2,15,36,9.7,75,23.79,99.54,95,3.51,7.73
"106","Portugal","Western Europe",5.929,"PRT",1.4,34936,81.9,91.1,42.2,-0.29,0.9,8.6,66.3,11.1,12.03,0.26,11.1,8,19,17,7.4,82,51.24,100,95,10.12,9.08
"107","Republic of the Congo","Sub-Saharan Africa",5.342,"COG",4.4,7336,64.3,13.3,19.7,2.61,1.01,9.3,67.8,16.7,9.27,1.23,16.7,378,373,1323442,27.4,39,1.65,45.72,32,0.3,0.38
"108","Romania","Central and Eastern Europe",6.14,"ROU",1.8,29555,75.9,54.5,41.1,-0.27,0.95,8,56.4,21.4,11.74,0.39,21.4,19,66,0,10.3,74,29.81,100,75,7.96,9.07
"109","Russia","Commonwealth of Independent States",5.477,"RUS",1.82,30820,72.4,51,39.6,0.4,0.86,26.5,74.8,25.4,11.19,1.69,25.4,17,50,3,18,75,37.49,92.62,90,2.84,0.49
"110","Rwanda","Sub-Saharan Africa",3.415,"RWA",4,2642,68.7,4.4,19,2.77,0.96,11,17.4,18.2,8.95,2.37,18.2,248,57,4717934,29.7,57,1.34,52.64,5,0.19,0.72
"111","Saudi Arabia","Middle East and North Africa",6.494,"SAU",2.3,56912,75,44.6,27.5,1.88,1.3,3.4,84.3,16.4,0.19,0.65,16.4,17,9.9,940,28.8,74,26.12,100,95,4.97,8.64
"112","Senegal","Sub-Saharan Africa",5.132,"SEN",4.6,4079,67.7,17.7,18.8,2.92,0.94,11.8,48.1,18.1,0.76,2.27,18.1,315,117,9061189,23.4,45,0.69,70.46,23,0.078,0.11
"113","Serbia","Central and Eastern Europe",6.078,"SRB",1.5,19767,75.8,NA,42.6,-0.48,0.95,10.9,56.4,19.1,8.75,0.33,19.1,12,14,0,7.4,65,31.13,83.27,66,2.14,8.11
"114","Sierra Leone","Sub-Saharan Africa",3.849,"SLE",4.3,1765,54.3,6.1,19,1.91,0.95,16.1,42.9,30.5,5.7,4.13,30.5,1120,295,6498480,NA,39,0.25,50.14,5,0.072,0.11
"115","Singapore","Southeast Asia",6.377,"SGP",1.1,105689,83.8,71.1,34.6,2.45,0.96,7.9,100,9.3,2.03,0.082,9.3,8,41,6,2.8,86,22.94,100,95,4.1,5.09
"116","Slovakia","Central and Eastern Europe",6.331,"SVK",NA,38321,77.4,67.4,40.5,0.22,0.94,10.1,53.8,17.2,11.14,0.36,17.2,5,4.5,6,6.1,77,34.16,100,95,4.87,4.9
"117","Slovenia","Central and Eastern Europe",6.461,"SVN",1.6,40344,81.2,88,44.5,0.26,1,13.3,55.1,12.7,11.9,0.29,12.7,7,5.4,1,6.4,79,30.86,99.4,95,7.01,6.85
"118","South Africa","Sub-Saharan Africa",4.956,"ZAF",2.4,13965,63.9,39,27.1,1.18,0.98,12.8,67.4,26.2,9.52,1.24,26.2,119,615,18807465,25.9,69,9.05,80.68,85,1.13,2.72
"119","South Korea","East Asia",5.845,"KOR",1.6,46452,NA,48,41.8,0.45,1.01,20.2,81.4,7.8,9.7,0.51,7.8,11,59,6,9.8,86,23.61,99.79,95,4.95,7.24
"120","Spain","Western Europe",6.491,"ESP",1.3,43007,83.4,118.6,42.7,0.09,0.98,6.1,80.8,9.9,12.72,0.2,9.9,4,9.3,7,4.1,83,38.72,100,95,7.87,11.55
"121","Sri Lanka","South Asia",4.325,"LKA",2.2,14509,76.8,6.6,32.8,1.04,0.95,14.2,18.7,17.4,4.1,0.42,17.4,36,64,55489,14.9,66,10.04,87.72,31,0.65,0.82
"122","Sweden","Western Europe",7.363,"SWE",1.8,55989,82.7,76.1,41.2,0.71,1,13.8,88,9.1,8.93,0.38,9.1,4,5.5,11,2.8,86,39.84,100,95,8.21,7.73
"123","Switzerland","Western Europe",7.571,"CHE",1.5,67558,NA,72.9,42.4,1.07,0.98,11.3,73.9,8.6,11.53,0.096,8.6,5,5.4,0,2.7,83,42.96,100,95,5.03,6.96
"124","Tajikistan","Commonwealth of Independent States",5.466,"TJK",3.6,3751,70.9,8.7,24.5,2.45,0.99,3.3,27.5,25.3,3.28,1.18,25.3,17,83,3230054,18.1,68,21.03,75.64,81,1.56,1.04
"125","Tanzania","Sub-Saharan Africa",3.623,"TZA",4.9,3652,65,10,17.7,3.04,1,9.6,35.2,17.9,11.27,2.69,17.9,524,237,26707925,29.2,43,0.14,42.5,5,0.075,0.14
"126","Thailand","Southeast Asia",5.985,"THA",1.5,21361,76.9,27.9,37.7,0.31,0.96,12.9,51.4,14.5,8.3,0.41,14.5,37,150,55073,32.7,80,8.05,100,79,2.38,5.53
"127","The Gambia","Sub-Saharan Africa",5.051,"GMB",5.2,2892,61.7,5.2,21,3.19,0.98,10,62.6,20.4,3.55,1.89,20.4,597,158,171391,29.7,44,1.02,63.37,5,0.081,0.024
"128","Togo","Sub-Saharan Africa",4.107,"TGO",4.3,1913,60.8,8.5,19.8,2.6,0.98,16.6,42.8,23.6,2.46,2.39,23.6,396,37,4292784,29.2,43,0.77,48.39,9,0.008,0.27
"129","Tunisia","Middle East and North Africa",4.596,"TUN",2.2,13093,76.5,25.5,31.6,0.97,0.99,3.2,69.6,16.1,2.12,0.46,16.1,43,35,6650,22.8,70,13.03,88.71,95,3.06,2.29
"130","Turkey","Middle East and North Africa",4.948,"TUR",2.1,29327,78.3,19.3,30.9,1.28,1.01,7.2,76.1,16.1,2.05,0.31,16.1,17,16,0,12.3,74,18.49,98.62,95,3.44,3.52
"131","Turkmenistan","Commonwealth of Independent States",5.066,"TKM",2.8,21855,68.1,41.7,27.9,1.29,0.98,7.2,52.5,29.5,4.93,0.74,29.5,7,45,212,14.5,70,22.25,100,95,1.15,1.69
"132","Uganda","Sub-Saharan Africa",4.636,"UGA",5,2753,63,11.7,15.8,3.35,0.94,20,25,21.9,15.09,3.18,21.9,375,200,21407858,29,45,1.68,41.25,5,0.07,0.012
"133","Ukraine","Commonwealth of Independent States",4.875,"UKR",1.3,10130,72,32.3,40.6,-0.25,0.86,18.5,69.6,24.7,8.32,2.55,24.7,19,77,0,13.7,68,29.92,91.31,95,5.98,0.34
"134","United Arab Emirates","Middle East and North Africa",6.561,"ARE",1.4,70441,77.8,74.4,30.3,3.1,2.56,2.7,87,16.8,3.9,0.26,16.8,3,1,0,18.1,76,25.28,98.05,95,6.51,8.79
"135","United Kingdom","Western Europe",7.064,"GBR",1.7,48169,81.2,79.6,40.5,0.75,0.99,7.6,83.9,10.9,11.45,0.23,10.9,7,8,7,3.1,87,28.12,100,95,5.21,8.89
"136","United States","North America and ANZ",6.951,"USA",1.7,67426,78.9,124.8,38.1,0.74,0.97,13.7,82.7,14.6,9.87,0.9,14.6,19,3,516,12.4,84,26.12,96.97,95,5.78,9.25
"137","Uruguay","Latin America and Caribbean",6.431,"URY",2,24516,77.8,98.6,35,0.35,0.94,16.5,95.5,16.7,6.92,0.41,16.7,17,35,7,13.4,80,50.79,95.3,95,14.88,NA
"138","Uzbekistan","Commonwealth of Independent States",6.179,"UZB",2.4,9595,71.5,20.7,28.6,1.47,0.99,7.4,50.4,24.5,2.59,1.03,24.5,29,67,405951,11.5,73,23.74,96.07,85,1.49,0.41
"139","Venezuela","Latin America and Caribbean",4.892,"VEN",2.3,16055,72.1,56.6,28.3,1.53,0.99,3.8,88.3,18.1,4.14,0.29,18.1,125,45,7493106,33.7,74,19.48,95.72,95,5.55,NA
"140","Vietnam","Southeast Asia",5.411,"VNM",2,8677,75.3,28.6,30.5,1.06,1.01,7,37.3,17.1,8.66,0.92,17.1,43,176,6147296,26.4,75,8.28,92.64,64,NA,3.39
"141","Yemen","Middle East and North Africa",3.658,"YEM",3.8,2312,66.1,14.7,19.5,2.33,1.02,9.8,36.6,30.6,0.051,3.77,30.6,164,48,12339767,NA,42,5.25,54.7,60,0.21,1.05
"142","Zambia","Sub-Saharan Africa",4.073,"ZMB",4.6,4174,63.5,11.9,16.8,3.19,1,11.3,44.6,17.9,6.54,2.94,17.9,213,333,12032435,NA,53,11.87,41.95,13,0.012,0.44
"143","Zimbabwe","Sub-Saharan Africa",3.145,"ZWE",3.6,2778,61.2,15.2,20,2.7,0.96,19.1,32.2,19.3,4.67,2.23,19.3,458,199,10660813,34.7,54,2.1,49.8,29,0.072,0.97
